date,productivity_score,tasks_completed,tasks_planned,focus_hours,distractions_count,energy_level,stress_level,notes
2025-11-14,5,4,4,4.7,1,6,4,Average day overall.
2025-11-15,7,1,1,4.3,4,6,4,Productive morning set the tone for the day.
2025-11-16,10,4,3,4.3,6,7,5,Productive morning set the tone for the day.
2025-11-17,9,7,8,5.9,0,7,4,Crushed it! Everything clicked.
2025-11-18,8,3,2,6.7,4,7,3,"All tasks done, feeling accomplished."
2025-11-19,7,7,9,3.3,6,8,4,"Very focused day, got a lot done!"
2025-11-20,7,4,5,5.3,6,6,5,Deep work session was very effective.
2025-11-21,7,3,6,5.1,4,6,4,Great flow state today.
2025-11-23,6,3,5,4.7,1,4,5,Regular workday.
2025-11-24,9,5,7,6.1,3,6,7,
2025-11-25,10,4,5,6.8,2,9,5,Productive morning set the tone for the day.
2025-11-26,8,8,8,3.5,4,7,5,"Very focused day, got a lot done!"
2025-11-27,6,1,3,6.0,9,5,7,Feeling overwhelmed with tasks.
2025-11-28,7,4,4,4.5,4,8,5,Average day overall.
2025-11-29,8,4,4,5.4,3,8,3,Great flow state today.
2025-11-30,8,1,1,6.6,3,8,5,Crushed it! Everything clicked.
2025-12-01,10,8,7,6.7,2,6,3,"All tasks done, feeling accomplished."
2025-12-02,5,6,10,3.1,6,5,6,Regular workday.
2025-12-03,9,8,8,6.8,5,10,7,Finished everything on my list!
2025-12-04,8,5,5,4.8,3,6,5,Crushed it! Everything clicked.
2025-12-05,7,3,5,7.7,2,6,3,
2025-12-06,6,1,1,6.0,5,6,9,Feeling overwhelmed with tasks.
2025-12-07,8,3,4,6.0,4,8,6,Regular workday.
2025-12-08,9,7,7,5.6,1,8,5,Finished everything on my list!
2025-12-09,8,4,5,5.9,4,7,6,"Very focused day, got a lot done!"
2025-12-10,7,3,3,3.8,6,5,8,Great flow state today.
2025-12-11,8,7,7,6.7,3,6,7,Clean sweep today!
2025-12-12,8,6,8,5.7,4,6,6,
2025-12-13,9,2,1,5.6,4,8,2,Deep work session was very effective.
2025-12-14,9,4,7,6.2,0,10,3,
2025-12-15,6,5,7,5.4,4,5,8,Deadline pressure building up.
2025-12-16,7,4,5,6.1,1,5,6,Regular workday.
2025-12-17,6,8,10,4.6,10,5,7,Need to better prioritize tomorrow.
2025-12-18,9,3,2,5.0,0,9,6,Productive morning set the tone for the day.
2025-12-19,8,5,5,3.9,5,7,7,Productive morning set the tone for the day.
2025-12-20,8,2,4,5.9,1,8,3,Steady progress on projects.
2025-12-21,7,0,1,4.9,5,7,6,Regular workday.
2025-12-22,8,9,12,7.0,4,8,6,Productive morning set the tone for the day.
2025-12-23,9,5,6,6.3,6,8,4,Crushed it! Everything clicked.
2025-12-24,10,6,7,7.5,1,7,3,Steady progress on projects.
2025-12-25,6,3,5,5.2,5,5,7,"Lots of meetings, little focus time."
2025-12-26,7,1,2,4.2,2,6,4,"Very focused day, got a lot done!"
2025-12-27,8,0,1,6.1,6,6,5,Regular workday.
2025-12-28,9,2,3,6.5,2,9,5,Steady progress on projects.
2025-12-29,10,7,8,5.0,0,9,4,Steady progress on projects.
2025-12-30,5,3,3,5.3,8,4,8,Feeling overwhelmed with tasks.
2025-12-31,9,4,5,6.8,7,10,5,Great flow state today.
2026-01-02,7,2,2,6.7,3,4,3,Deep work session was very effective.
2026-01-03,5,4,3,4.8,4,5,7,"Lots of meetings, little focus time."
2026-01-04,8,4,6,5.5,3,9,3,
2026-01-05,10,5,5,5.4,1,8,3,Clean sweep today!
2026-01-06,7,3,5,5.5,4,6,6,Productive morning set the tone for the day.
2026-01-07,6,2,3,4.1,7,3,5,Nothing special to note.
2026-01-08,10,4,4,6.1,1,7,3,Finished everything on my list!
2026-01-09,7,3,2,6.5,2,4,4,Regular workday.
2026-01-10,7,3,3,5.0,6,5,3,Crushed it! Everything clicked.
2026-01-11,9,0,1,6.4,5,6,3,Deep work session was very effective.
2026-01-12,7,3,4,5.2,3,4,3,
2026-01-13,7,9,10,4.5,6,6,3,
2026-01-14,5,5,9,3.6,10,4,7,"Lots of meetings, little focus time."
2026-01-15,9,7,6,6.7,6,8,6,Productive morning set the tone for the day.
2026-01-16,7,6,8,5.3,5,6,4,"Very focused day, got a lot done!"
2026-01-17,9,4,3,6.4,0,10,4,"Very focused day, got a lot done!"
2026-01-18,10,2,2,8.0,5,10,3,Great flow state today.
2026-01-19,6,5,5,3.7,9,5,6,Average day overall.
2026-01-20,9,7,8,4.8,3,8,6,Great flow state today.
2026-01-21,7,6,7,6.1,6,7,5,Regular workday.
2026-01-22,6,7,8,7.5,5,5,7,Deadline pressure building up.
2026-01-23,9,8,7,6.7,6,9,5,"Very focused day, got a lot done!"
2026-01-24,8,3,3,4.9,4,6,6,"All tasks done, feeling accomplished."
2026-01-25,7,3,4,5.9,6,8,4,
2026-01-26,9,3,4,6.1,6,9,2,
2026-01-27,9,3,5,4.6,4,9,6,Productive morning set the tone for the day.
2026-01-28,10,8,8,6.8,3,10,3,Deep work session was very effective.
2026-01-29,7,3,4,4.2,2,7,5,
2026-01-30,5,5,7,5.1,3,1,3,
2026-01-31,7,1,2,4.6,5,6,5,Great flow state today.
2026-02-01,10,2,3,6.8,5,8,5,Productive morning set the tone for the day.
2026-02-02,8,4,3,4.6,6,7,6,Productive morning set the tone for the day.
2026-02-03,10,5,6,6.5,2,8,3,Great flow state today.
2026-02-04,7,2,4,5.6,6,6,5,Average day overall.
2026-02-05,10,5,8,5.9,3,8,4,Regular workday.
2026-02-06,8,5,8,4.4,1,7,4,Productive morning set the tone for the day.
2026-02-07,9,3,2,7.4,4,6,4,Great flow state today.
2026-02-08,9,3,3,5.3,3,8,3,"All tasks done, feeling accomplished."
2026-02-09,10,5,4,8.0,0,8,1,Productive morning set the tone for the day.
2026-02-10,7,6,6,4.8,3,8,3,Steady progress on projects.
2026-02-11,7,4,6,5.1,8,6,8,
